,OpModel,NumFlights,AvgProbDelayed
0,HubSpoke,127251,0.3770560512724395
1,PointPoint,122749,0.4289137642833317
