,OpModel,NumFlights,AvgProbDelayed
0,HubSpoke,127251,0.31405682224356757
1,PointPoint,122749,0.33632286901911107
