,OpModel,NumFlights,AvgProbDelayed
0,HubSpoke,127251,0.16646605559828462
1,PointPoint,122749,0.19548037236161986
